{"paths": {"admin/js/vendor/select2/i18n/pt.js": "admin/js/vendor/select2/i18n/pt.33b4a3b44d43.js", "admin/js/vendor/select2/i18n/hsb.js": "admin/js/vendor/select2/i18n/hsb.fa3b55265efe.js", "admin/js/vendor/select2/i18n/vi.js": "admin/js/vendor/select2/i18n/vi.097a5b75b3e1.js", "admin/js/vendor/select2/i18n/lv.js": "admin/js/vendor/select2/i18n/lv.08e62128eac1.js", "admin/js/vendor/select2/i18n/gl.js": "admin/js/vendor/select2/i18n/gl.d99b1fedaa86.js", "admin/js/vendor/select2/i18n/pl.js": "admin/js/vendor/select2/i18n/pl.6031b4f16452.js", "admin/js/vendor/select2/i18n/el.js": "admin/js/vendor/select2/i18n/el.27097f071856.js", "admin/js/vendor/select2/i18n/dsb.js": "admin/js/vendor/select2/i18n/dsb.56372c92d2f1.js", "admin/js/vendor/select2/i18n/et.js": "admin/js/vendor/select2/i18n/et.2b96fd98289d.js", "admin/js/vendor/select2/i18n/is.js": "admin/js/vendor/select2/i18n/is.3ddd9a6a97e9.js", "admin/js/vendor/select2/i18n/sl.js": "admin/js/vendor/select2/i18n/sl.131a78bc0752.js", "admin/js/vendor/select2/i18n/ko.js": "admin/js/vendor/select2/i18n/ko.e7be6c20e673.js", "admin/js/vendor/select2/i18n/hr.js": "admin/js/vendor/select2/i18n/hr.a2b092cc1147.js", "admin/js/vendor/select2/i18n/ms.js": "admin/js/vendor/select2/i18n/ms.4ba82c9a51ce.js", "admin/js/vendor/select2/i18n/fi.js": "admin/js/vendor/select2/i18n/fi.614ec42aa9ba.js", "admin/js/vendor/select2/i18n/th.js": "admin/js/vendor/select2/i18n/th.f38c20b0221b.js", "admin/js/vendor/select2/i18n/ru.js": "admin/js/vendor/select2/i18n/ru.934aa95f5b5f.js", "admin/js/vendor/select2/i18n/eu.js": "admin/js/vendor/select2/i18n/eu.adfe5c97b72c.js", "admin/js/vendor/select2/i18n/mk.js": "admin/js/vendor/select2/i18n/mk.dabbb9087130.js", "admin/js/vendor/select2/i18n/sq.js": "admin/js/vendor/select2/i18n/sq.5636b60d29c9.js", "admin/js/vendor/select2/i18n/ja.js": "admin/js/vendor/select2/i18n/ja.170ae885d74f.js", "admin/js/vendor/select2/i18n/ka.js": "admin/js/vendor/select2/i18n/ka.2083264a54f0.js", "admin/js/vendor/select2/i18n/he.js": "admin/js/vendor/select2/i18n/he.e420ff6cd3ed.js", "admin/js/vendor/select2/i18n/bg.js": "admin/js/vendor/select2/i18n/bg.39b8be30d4f0.js", "admin/js/vendor/select2/i18n/hy.js": "admin/js/vendor/select2/i18n/hy.c7babaeef5a6.js", "admin/js/vendor/select2/i18n/sr-Cyrl.js": "admin/js/vendor/select2/i18n/sr-Cyrl.f254bb8c4c7c.js", "admin/js/vendor/select2/i18n/ne.js": "admin/js/vendor/select2/i18n/ne.3d79fd3f08db.js", "admin/js/vendor/select2/i18n/af.js": "admin/js/vendor/select2/i18n/af.4f6fcd73488c.js", "admin/js/vendor/select2/i18n/id.js": "admin/js/vendor/select2/i18n/id.04debded514d.js", "admin/js/vendor/select2/i18n/az.js": "admin/js/vendor/select2/i18n/az.270c257daf81.js", "admin/js/vendor/select2/i18n/ca.js": "admin/js/vendor/select2/i18n/ca.a166b745933a.js", "admin/js/vendor/select2/i18n/nb.js": "admin/js/vendor/select2/i18n/nb.da2fce143f27.js", "admin/js/vendor/select2/i18n/zh-CN.js": "admin/js/vendor/select2/i18n/zh-CN.2cff662ec5f9.js", "admin/js/vendor/select2/i18n/zh-TW.js": "admin/js/vendor/select2/i18n/zh-TW.04554a227c2b.js", "admin/js/vendor/select2/i18n/pt-BR.js": "admin/js/vendor/select2/i18n/pt-BR.e1b294433e7f.js", "admin/js/vendor/select2/i18n/da.js": "admin/js/vendor/select2/i18n/da.766346afe4dd.js", "admin/js/vendor/select2/i18n/fa.js": "admin/js/vendor/select2/i18n/fa.3b5bd1961cfd.js", "admin/js/vendor/select2/i18n/de.js": "admin/js/vendor/select2/i18n/de.8a1c222b0204.js", "admin/js/vendor/select2/i18n/en.js": "admin/js/vendor/select2/i18n/en.cf932ba09a98.js", "admin/js/vendor/select2/i18n/bs.js": "admin/js/vendor/select2/i18n/bs.91624382358e.js", "admin/js/vendor/select2/i18n/tk.js": "admin/js/vendor/select2/i18n/tk.7c572a68c78f.js", "admin/js/vendor/select2/i18n/sv.js": "admin/js/vendor/select2/i18n/sv.7a9c2f71e777.js", "admin/js/vendor/select2/i18n/hi.js": "admin/js/vendor/select2/i18n/hi.70640d41628f.js", "admin/js/vendor/select2/i18n/uk.js": "admin/js/vendor/select2/i18n/uk.8cede7f4803c.js", "admin/js/vendor/select2/i18n/cs.js": "admin/js/vendor/select2/i18n/cs.4f43e8e7d33a.js", "admin/js/vendor/select2/i18n/km.js": "admin/js/vendor/select2/i18n/km.c23089cb06ca.js", "admin/js/vendor/select2/i18n/fr.js": "admin/js/vendor/select2/i18n/fr.05e0542fcfe6.js", "admin/js/vendor/select2/i18n/nl.js": "admin/js/vendor/select2/i18n/nl.997868a37ed8.js", "admin/js/vendor/select2/i18n/sr.js": "admin/js/vendor/select2/i18n/sr.5ed85a48f483.js", "admin/js/vendor/select2/i18n/hu.js": "admin/js/vendor/select2/i18n/hu.6ec6039cb8a3.js", "admin/js/vendor/select2/i18n/lt.js": "admin/js/vendor/select2/i18n/lt.23c7ce903300.js", "admin/js/vendor/select2/i18n/ar.js": "admin/js/vendor/select2/i18n/ar.65aa8e36bf5d.js", "admin/js/vendor/select2/i18n/sk.js": "admin/js/vendor/select2/i18n/sk.33d02cef8d11.js", "admin/js/vendor/select2/i18n/it.js": "admin/js/vendor/select2/i18n/it.be4fe8d365b5.js", "admin/js/vendor/select2/i18n/es.js": "admin/js/vendor/select2/i18n/es.66dbc2652fb1.js", "admin/js/vendor/select2/i18n/bn.js": "admin/js/vendor/select2/i18n/bn.6d42b4dd5665.js", "admin/js/vendor/select2/i18n/ro.js": "admin/js/vendor/select2/i18n/ro.f75cb460ec3b.js", "admin/js/vendor/select2/i18n/ps.js": "admin/js/vendor/select2/i18n/ps.38dfa47af9e0.js", "admin/js/vendor/select2/i18n/tr.js": "admin/js/vendor/select2/i18n/tr.b5a0643d1545.js", "admin/css/vendor/select2/select2.min.css": "admin/css/vendor/select2/select2.min.9f54e6414f87.css", "admin/css/vendor/select2/LICENSE-SELECT2.md": "admin/css/vendor/select2/LICENSE-SELECT2.f94142512c91.md", "admin/css/vendor/select2/select2.css": "admin/css/vendor/select2/select2.a2194c262648.css", "admin/js/vendor/jquery/jquery.min.js": "admin/js/vendor/jquery/jquery.min.8fb8fee4fcc3.js", "admin/js/vendor/jquery/LICENSE.txt": "admin/js/vendor/jquery/LICENSE.de877aa6d744.txt", "admin/js/vendor/jquery/jquery.js": "admin/js/vendor/jquery/jquery.2849239b95f5.js", "admin/js/vendor/xregexp/xregexp.min.js": "admin/js/vendor/xregexp/xregexp.min.b0439563a5d3.js", "admin/js/vendor/xregexp/xregexp.js": "admin/js/vendor/xregexp/xregexp.efda034b9537.js", "admin/js/vendor/xregexp/LICENSE.txt": "admin/js/vendor/xregexp/LICENSE.bf79e414957a.txt", "admin/js/vendor/select2/LICENSE.md": "admin/js/vendor/select2/LICENSE.f94142512c91.md", "admin/js/vendor/select2/select2.full.min.js": "admin/js/vendor/select2/select2.full.min.fcd7500d8e13.js", "admin/js/vendor/select2/select2.full.js": "admin/js/vendor/select2/select2.full.c2afdeda3058.js", "admin/js/admin/RelatedObjectLookups.js": "admin/js/admin/RelatedObjectLookups.b4d76b6aaf0b.js", "admin/js/admin/DateTimeShortcuts.js": "admin/js/admin/DateTimeShortcuts.5548f99471bf.js", "admin/img/gis/move_vertex_on.svg": "admin/img/gis/move_vertex_on.0047eba25b67.svg", "admin/img/gis/move_vertex_off.svg": "admin/img/gis/move_vertex_off.7a23bf31ef8a.svg", "admin/css/widgets.css": "admin/css/widgets.694d845b2cb1.css", "admin/css/login.css": "admin/css/login.8b76a9f7cbf6.css", "admin/css/dashboard.css": "admin/css/dashboard.be83f13e4369.css", "admin/css/nav_sidebar.css": "admin/css/nav_sidebar.e32d345464bd.css", "admin/css/responsive.css": "admin/css/responsive.b128bdf0edef.css", "admin/css/autocomplete.css": "admin/css/autocomplete.4a81fc4242d0.css", "admin/css/responsive_rtl.css": "admin/css/responsive_rtl.e13ae754cceb.css", "admin/css/forms.css": "admin/css/forms.bbed805aacb5.css", "admin/css/fonts.css": "admin/css/fonts.168bab448fee.css", "admin/css/rtl.css": "admin/css/rtl.4bc23eb90919.css", "admin/css/base.css": "admin/css/base.1f418065fc2c.css", "admin/css/changelists.css": "admin/css/changelists.cd4dd90ae1a1.css", "admin/js/urlify.js": "admin/js/urlify.25cc3eac8123.js", "admin/js/core.js": "admin/js/core.5d6b384a08b5.js", "admin/js/collapse.js": "admin/js/collapse.f84e7410290f.js", "admin/js/actions.js": "admin/js/actions.eac7e3441574.js", "admin/js/prepopulate.js": "admin/js/prepopulate.bd2361dfd64d.js", "admin/js/cancel.js": "admin/js/cancel.ecc4c5ca7b32.js", "admin/js/nav_sidebar.js": "admin/js/nav_sidebar.3535caba9444.js", "admin/js/autocomplete.js": "admin/js/autocomplete.c508b167ab61.js", "admin/js/inlines.js": "admin/js/inlines.fb1617228dbe.js", "admin/js/change_form.js": "admin/js/change_form.9d8ca4f96b75.js", "admin/js/SelectFilter2.js": "admin/js/SelectFilter2.d250dcb52a9a.js", "admin/js/jquery.init.js": "admin/js/jquery.init.b7781a0897fc.js", "admin/js/popup_response.js": "admin/js/popup_response.c6cc78ea5551.js", "admin/js/SelectBox.js": "admin/js/SelectBox.8161741c7647.js", "admin/js/calendar.js": "admin/js/calendar.f8a5d055eb33.js", "admin/js/prepopulate_init.js": "admin/js/prepopulate_init.e056047b7a7e.js", "admin/img/search.svg": "admin/img/search.7cf54ff789c6.svg", "admin/img/icon-calendar.svg": "admin/img/icon-calendar.ac7aea671bea.svg", "admin/img/icon-clock.svg": "admin/img/icon-clock.e1d4dfac3f2b.svg", "admin/img/icon-no.svg": "admin/img/icon-no.439e821418cd.svg", "admin/img/tooltag-add.svg": "admin/img/tooltag-add.e59d620a9742.svg", "admin/img/inline-delete.svg": "admin/img/inline-delete.fec1b761f254.svg", "admin/img/LICENSE": "admin/img/LICENSE.2c54f4e1ca1c", "admin/img/icon-changelink.svg": "admin/img/icon-changelink.18d2fd706348.svg", "admin/img/icon-unknown.svg": "admin/img/icon-unknown.a18cb4398978.svg", "admin/img/sorting-icons.svg": "admin/img/sorting-icons.3a097b59f104.svg", "admin/img/icon-viewlink.svg": "admin/img/icon-viewlink.41eb31f7826e.svg", "admin/img/icon-yes.svg": "admin/img/icon-yes.d2f9f035226a.svg", "admin/img/icon-addlink.svg": "admin/img/icon-addlink.d519b3bab011.svg", "admin/img/icon-unknown-alt.svg": "admin/img/icon-unknown-alt.81536e128bb6.svg", "admin/img/icon-deletelink.svg": "admin/img/icon-deletelink.564ef9dc3854.svg", "admin/img/README.txt": "admin/img/README.a70711a38d87.txt", "admin/img/selector-icons.svg": "admin/img/selector-icons.b4555096cea2.svg", "admin/img/calendar-icons.svg": "admin/img/calendar-icons.39b290681a8b.svg", "admin/img/tooltag-arrowright.svg": "admin/img/tooltag-arrowright.bbfb788a849e.svg", "admin/img/icon-alert.svg": "admin/img/icon-alert.034cc7d8a67f.svg", "admin/fonts/Roboto-Light-webfont.woff": "admin/fonts/Roboto-Light-webfont.c73eb1ceba33.woff", "admin/fonts/Roboto-Bold-webfont.woff": "admin/fonts/Roboto-Bold-webfont.50d75e48e0a3.woff", "admin/fonts/Roboto-Regular-webfont.woff": "admin/fonts/Roboto-Regular-webfont.35b07eb2f871.woff", "admin/fonts/README.txt": "admin/fonts/README.ab99e6b541ea.txt", "admin/fonts/LICENSE.txt": "admin/fonts/LICENSE.d273d63619c9.txt", "modeltranslation/css/tabbed_translation_fields.css": "modeltranslation/css/tabbed_translation_fields.0333b974bcb7.css", "modeltranslation/js/force_jquery.js": "modeltranslation/js/force_jquery.d87e6e2f0362.js", "modeltranslation/js/clearable_inputs.js": "modeltranslation/js/clearable_inputs.7ee98f5050da.js", "modeltranslation/js/tabbed_translation_fields.js": "modeltranslation/js/tabbed_translation_fields.c3ccb5ee9954.js", "css/bootstrap.min.css": "css/bootstrap.min.d593b1b4cc20.css", "css/theme.css": "css/theme.aaed2dcfbe54.css", "css/slick.css": "css/slick.ceeaace34d93.css", "css/li-scroller.css": "css/li-scroller.23066ce1c992.css", "css/animate.css": "css/animate.449e0790b314.css", "css/jquery.fancybox.css": "css/jquery.fancybox.6b1c83760e41.css", "css/style.css": "css/style.d6d5eaf4fab6.css", "css/font-awesome.min.css": "css/font-awesome.min.516d58031a07.css", "css/font.css": "css/font.797351a235ed.css", "images/slider_img4.jpg": "images/slider_img4.c67e1d74ee2b.jpg", "images/status.gif": "images/status.f5f09658da45.gif", "images/slider_img3.jpg": "images/slider_img3.b790699dd102.jpg", "images/slider_img2.jpg": "images/slider_img2.c21563892e74.jpg", "images/fancybox_sprite.png": "images/fancybox_sprite.783d4031fe50.png", "images/add_img.jpg": "images/add_img.80949db546aa.jpg", "images/slider_img1.jpg": "images/slider_img1.fc4aca1852e2.jpg", "images/slider_next.png": "images/slider_next.09bd7ac0a030.png", "images/addbanner_728x90_V1.jpg": "images/addbanner_728x90_V1.b8833c72a88a.jpg", "images/news_thumbnail3.jpg": "images/news_thumbnail3.4497e30d177a.jpg", "images/socials.png": "images/socials.e48229f288f6.png", "images/fancybox_overlay.png": "images/fancybox_overlay.77aeaa52715b.png", "images/slider_prev.png": "images/slider_prev.ef0b97f7e8af.png", "images/news_thumbnail2.jpg": "images/news_thumbnail2.37945df85c5a.jpg", "images/fancybox_sprite@2x.png": "images/fancybox_sprite@2x.ed9970ce2224.png", "images/logo.jpg": "images/logo.8129eed0f3fa.jpg", "images/blank.gif": "images/blank.325472601571.gif", "images/photograph_img4.jpg": "images/photograph_img4.526de4b91e94.jpg", "images/post_img2.jpg": "images/post_img2.d0386fe145ff.jpg", "images/single_post_img.jpg": "images/single_post_img.5489ca114502.jpg", "images/fancybox_loading@2x.gif": "images/fancybox_loading@2x.f92938639fa8.gif", "images/featured_img1.jpg": "images/featured_img1.5b366a72f29c.jpg", "images/featured_img3.jpg": "images/featured_img3.45ed0e787908.jpg", "images/fancybox_loading.gif": "images/fancybox_loading.328cc0f6c782.gif", "images/post_img1.jpg": "images/post_img1.caf98e61cfbc.jpg", "images/featured_img2.jpg": "images/featured_img2.0fd85e2f5555.jpg", "images/photograph_img2.jpg": "images/photograph_img2.62902c253672.jpg", "images/photograph_img3.jpg": "images/photograph_img3.aa9feb8899fc.jpg", "js/jquery.fancybox.pack.js": "js/jquery.fancybox.pack.cc9e759f24ba.js", "js/respond.min.js": "js/respond.min.afc1984a3d17.js", "js/wow.min.js": "js/wow.min.5fa2e4b6acb5.js", "js/custom.js": "js/custom.23792b78f8cb.js", "js/jquery.li-scroller.1.0.js": "js/jquery.li-scroller.1.0.e5d828e9b7e5.js", "js/jquery.min.js": "js/jquery.min.8101d596b2b8.js", "js/bootstrap.min.js": "js/bootstrap.min.2616d3564578.js", "js/html5shiv.min.js": "js/html5shiv.min.3044234175ac.js", "js/slick.min.js": "js/slick.min.9ab828daa220.js", "js/jquery.newsTicker.min.js": "js/jquery.newsTicker.min.2b5576298057.js", "fonts/fontawesome-webfont.svg": "fonts/fontawesome-webfont.65bcbc899f37.svg", "fonts/FontAwesome.otf": "fonts/FontAwesome.19231917733e.otf", "fonts/glyphicons-halflings-regular.woff": "fonts/glyphicons-halflings-regular.68ed1dac06bf.woff", "fonts/glyphicons-halflings-regular.eot": "fonts/glyphicons-halflings-regular.7ad17c6085de.eot", "fonts/Varela-400.woff": "fonts/Varela-400.f792adfa145a.woff", "fonts/glyphicons-halflings-regular.ttf": "fonts/glyphicons-halflings-regular.e49d52e74b76.ttf", "fonts/OpenSans-400.woff": "fonts/OpenSans-400.cb721d9fb2f3.woff", "fonts/Oswald-Regular-400.woff": "fonts/Oswald-Regular-400.93e0642da50f.woff", "fonts/fontawesome-webfont.ttf": "fonts/fontawesome-webfont.c4668ed2440d.ttf", "fonts/fontawesome-webfont.woff": "fonts/fontawesome-webfont.d95d6f5d5ab7.woff", "fonts/glyphicons-halflings-regular.svg": "fonts/glyphicons-halflings-regular.ff423a4251cf.svg", "fonts/fontawesome-webfont.eot": "fonts/fontawesome-webfont.7149833697a9.eot", "hitcount/hitcount-jquery.js": "hitcount/hitcount-jquery.30a88a88e002.js", "hitcount/jquery.postcsrf.js": "hitcount/jquery.postcsrf.52fbbe0e27ed.js"}, "version": "1.0"}